name,ru,pl,bn
Greetings & politeness,Приветствия и вежливость,Powitania i uprzejmość,শুভেচ্ছা ও ভদ্রতা
Question words & pronouns,Вопросительные слова и местоимения,Słowa pytające i zaimki,প্রশ্নবোধক শব্দ ও সর্বনাম
Core verbs,Основные глаголы,Podstawowe czasowniki,মূল ক্রিয়া
Core adjectives & adverbs,Основные прилагательные и наречия,Podstawowe przymiotniki i przysłówki,মূল বিশেষণ ও ক্রিয়াবিশেষণ
Connectors & function words,Союзы и служебные слова,Spójniki i słowa funkcyjne,সংযোজক ও কার্যকরী শব্দ
Prepositions & articles,Предлоги и артикли,Przyimki i rodzajniki,পদান্বয়ী অব্যয় ও আর্টিকেল
"Numbers, time & dates","Числа, время и даты","Liczby, czas i daty","সংখ্যা, সময় ও তারিখ"
Daily routine,Распорядок дня,Codzienne czynności,দৈনন্দিন রুটিন
Family & relationships,Семья и отношения,Rodzina i relacje,পরিবার ও সম্পর্ক
People & personality,Люди и характер,Ludzie i osobowość,মানুষ ও ব্যক্তিত্ব
Body & health,Тело и здоровье,Ciało i zdrowie,শরীর ও স্বাস্থ্য
"Doctor, pharmacy & emergency","Врач, аптека и экстренные случаи","Lekarz, apteka i nagłe wypadki","ডাক্তার, ফার্মেসি ও জরুরি অবস্থা"
Home & furniture,Дом и мебель,Dom i meble,বাড়ি ও আসবাবপত্র
Home appliances,Бытовая техника,Sprzęt AGD,গৃহস্থালি যন্ত্রপাতি
Kitchen & cooking,Кухня и готовка,Kuchnia i gotowanie,রান্নাঘর ও রান্না
Grocery & supermarket,Продукты и супермаркет,Zakupy spożywcze i supermarket,মুদিবাজার ও সুপারমার্কেট
Food & drink,Еда и напитки,Jedzenie i picie,খাবার ও পানীয়
Restaurant & café,Ресторан и кафе,Restauracja i kawiarnia,রেস্তোরাঁ ও ক্যাফে
Shopping & clothing,Покупки и одежда,Zakupy i ubrania,কেনাকাটা ও পোশাক
"Post, parcels & deliveries","Почта, посылки и доставка","Poczta, paczki i dostawy","ডাক, পার্সেল ও ডেলিভারি"
"Colours, shapes & materials","Цвета, формы и материалы","Kolory, kształty i materiały","রং, আকার ও উপকরণ"
"Weather, seasons & nature","Погода, времена года и природа","Pogoda, pory roku i przyroda","আবহাওয়া, ঋতু ও প্রকৃতি"
Animals & plants,Животные и растения,Zwierzęta i rośliny,প্রাণী ও উদ্ভিদ
"City, places & directions","Город, места и направления","Miasto, miejsca i kierunki","শহর, স্থান ও দিকনির্দেশ"
Transport & travel,Транспорт и путешествия,Transport i podróże,যানবাহন ও ভ্রমণ
"Car, bike & driving","Машина, велосипед и вождение","Samochód, rower i jazda","গাড়ি, সাইকেল ও গাড়ি চালানো"
Hotel & holidays,Отель и отпуск,Hotel i urlop,হোটেল ও ছুটি
Office & work,Офис и работа,Biuro i praca,অফিস ও কাজ
IT & software,IT и программы,IT i oprogramowanie,আইটি ও সফটওয়্যার
"Meetings, email & phone","Совещания, e-mail и телефон","Spotkania, e-mail i telefon","মিটিং, ইমেইল ও ফোন"
Bureaucracy & Amt,Бюрократия и Amt,Biurokracja i Amt,সরকারি দপ্তর ও Amt
Housing & renting,Жильё и аренда,Mieszkanie i wynajem,বাসস্থান ও ভাড়া
Neighbourhood & community,Район и соседи,Okolica i sąsiedzi,পাড়া-প্রতিবেশী ও সমাজ
"Banking, money & insurance","Банк, деньги и страхование","Bank, pieniądze i ubezpieczenia","ব্যাংক, টাকা ও বিমা"
"Law, contracts & rights","Право, договоры и права","Prawo, umowy i uprawnienia","আইন, চুক্তি ও অধিকার"
Education & learning,Образование и учёба,Edukacja i nauka,শিক্ষা ও শেখা
Hobbies & sport,Хобби и спорт,Hobby i sport,শখ ও খেলাধুলা
Media & culture,СМИ и культура,Media i kultura,গণমাধ্যম ও সংস্কৃতি
Celebrations & holidays,Праздники и торжества,Święta i uroczystości,উৎসব ও ছুটির দিন
Feelings & opinions,Чувства и мнения,Uczucia i opinie,অনুভূতি ও মতামত
Environment & society,Окружающая среда и общество,Środowisko i społeczeństwo,পরিবেশ ও সমাজ
"Kids, school & parenting","Дети, школа и воспитание","Dzieci, szkoła i wychowanie","শিশু, স্কুল ও সন্তান লালনপালন"
Small talk & social phrases,Лёгкая беседа и фразы общения,Rozmowy towarzyskie i zwroty grzecznościowe,আলাপচারিতা ও সামাজিক বাক্যাংশ
Everyday expressions & idioms,Повседневные выражения и идиомы,Codzienne wyrażenia i idiomy,দৈনন্দিন অভিব্যক্তি ও বাগধারা
Everyday life at B2,Повседневная жизнь на уровне B2,Codzienne życie na poziomie B2,B2 স্তরে দৈনন্দিন জীবন
Argumentation & discourse markers,Аргументация и дискурсивные маркеры,Argumentacja i markery dyskursu,যুক্তি উপস্থাপন ও ডিসকোর্স মার্কার
Connectors & text cohesion,Связки и связность текста,Łączniki i spójność tekstu,সংযোজক ও লেখার সংহতি
Advanced verbs,Глаголы продвинутого уровня,Czasowniki zaawansowane,উচ্চতর ক্রিয়া
Advanced adjectives & adverbs,Прилагательные и наречия продвинутого уровня,Przymiotniki i przysłówki zaawansowane,উচ্চতর বিশেষণ ও ক্রিয়াবিশেষণ
Nomen-Verb-Verbindungen,Nomen-Verb-Verbindungen,Nomen-Verb-Verbindungen,Nomen-Verb-Verbindungen
Verbs with prepositions,Глаголы с предлогами,Czasowniki z przyimkami,পদান্বয়ী অব্যয়সহ ক্রিয়া
Collocations & fixed expressions,Коллокации и устойчивые выражения,Kolokacje i stałe wyrażenia,কোলোকেশন ও বাঁধা বাক্যাংশ
Abstract nouns & concepts,Абстрактные существительные и понятия,Rzeczowniki abstrakcyjne i pojęcia,বিমূর্ত বিশেষ্য ও ধারণা
Word formation,Словообразование,Słowotwórstwo,শব্দগঠন
Synonyms & register,Синонимы и регистр,Synonimy i rejestr,সমার্থক শব্দ ও রেজিস্টার
Idioms & sayings,Идиомы и поговорки,Idiomy i powiedzenia,বাগধারা ও প্রবাদ
Communication & presentation,Общение и презентации,Komunikacja i prezentacje,যোগাযোগ ও উপস্থাপনা
Formal writing & correspondence,Официальные письма и переписка,Pisma formalne i korespondencja,আনুষ্ঠানিক লেখা ও চিঠিপত্র
Work & career,Работа и карьера,Praca i kariera,কাজ ও ক্যারিয়ার
Economy & business,Экономика и бизнес,Gospodarka i biznes,অর্থনীতি ও ব্যবসা
News & journalism,Новости и журналистика,Wiadomości i dziennikarstwo,সংবাদ ও সাংবাদিকতা
Politics & state,Политика и государство,Polityka i państwo,রাজনীতি ও রাষ্ট্র
Society & social issues,Общество и социальные проблемы,Społeczeństwo i problemy społeczne,সমাজ ও সামাজিক সমস্যা
Environment & energy,Окружающая среда и энергетика,Środowisko i energia,পরিবেশ ও জ্বালানি
Science & technology,Наука и техника,Nauka i technika,বিজ্ঞান ও প্রযুক্তি
"IT, AI & digital world","IT, ИИ и цифровой мир","IT, AI i świat cyfrowy","আইটি, এআই ও ডিজিটাল জগৎ"
Health & healthcare system,Здоровье и система здравоохранения,Zdrowie i system ochrony zdrowia,স্বাস্থ্য ও স্বাস্থ্যব্যবস্থা
Education & research,Образование и исследования,Edukacja i badania,শিক্ষা ও গবেষণা
Law & rights,Закон и права,Prawo i uprawnienia,আইন ও অধিকার
Consumer & finance,Потребители и финансы,Konsumenci i finanse,ভোক্তা ও আর্থিক বিষয়
"Housing, city & mobility","Жильё, город и транспорт","Mieszkanie, miasto i mobilność","বাসস্থান, শহর ও চলাচল"
"Psychology, emotions & relationships","Психология, эмоции и отношения","Psychologia, emocje i relacje","মনোবিজ্ঞান, আবেগ ও সম্পর্ক"
"Culture, arts & literature","Культура, искусство и литература","Kultura, sztuka i literatura","সংস্কৃতি, শিল্পকলা ও সাহিত্য"
History & geography,История и география,Historia i geografia,ইতিহাস ও ভূগোল
Academic & scientific language,Академический и научный язык,Język akademicki i naukowy,একাডেমিক ও বৈজ্ঞানিক ভাষা
Abstract & analytical nouns,Абстрактные и аналитические существительные,Rzeczowniki abstrakcyjne i analityczne,বিমূর্ত ও বিশ্লেষণধর্মী বিশেষ্য
Precise verbs,Точные глаголы,Precyzyjne czasowniki,সুনির্দিষ্ট ক্রিয়া
Precise adjectives & nuance,Точные прилагательные и оттенки,Precyzyjne przymiotniki i niuanse,সুনির্দিষ্ট বিশেষণ ও সূক্ষ্ম পার্থক্য
Funktionsverbgefüge (advanced),Funktionsverbgefüge (продвинутый уровень),Funktionsverbgefüge (zaawansowane),Funktionsverbgefüge (উচ্চতর)
Discourse markers & text cohesion,Дискурсивные маркеры и связность текста,Markery dyskursu i spójność tekstu,ডিসকোর্স মার্কার ও লেখার সংহতি
"Hedging, modality & stance","Смягчение, модальность и позиция","Asekuracja, modalność i stanowisko","সতর্ক প্রকাশ, মোডালিটি ও অবস্থান"
Argumentation & rhetoric,Аргументация и риторика,Argumentacja i retoryka,যুক্তি উপস্থাপন ও বাগ্মিতা
Register & stylistic variation,Регистр и стилистические варианты,Rejestr i zróżnicowanie stylistyczne,রেজিস্টার ও শৈলীগত ভিন্নতা
Word formation (advanced),Словообразование (продвинутый уровень),Słowotwórstwo (zaawansowane),শব্দগঠন (উচ্চতর)
Collocations & Kollokationen,Коллокации и Kollokationen,Kolokacje i Kollokationen,কোলোকেশন ও Kollokationen
Idioms & figurative language,Идиомы и образный язык,Idiomy i język przenośny,বাগধারা ও রূপক ভাষা
Written-academic phrases,Обороты письменной академической речи,Zwroty pisemne i akademickie,লিখিত ও একাডেমিক বাক্যাংশ
Professional & leadership language,Язык профессии и руководства,Język zawodowy i przywódczy,পেশাগত ও নেতৃত্বের ভাষা
Business strategy & management,Бизнес-стратегия и управление,Strategia biznesowa i zarządzanie,ব্যবসায়িক কৌশল ও ব্যবস্থাপনা
"Law, compliance & regulation","Право, комплаенс и регулирование","Prawo, zgodność i regulacje","আইন, কমপ্লায়েন্স ও নিয়ন্ত্রণ"
Economics & finance (advanced),Экономика и финансы (продвинутый уровень),Ekonomia i finanse (zaawansowane),অর্থনীতি ও আর্থিক বিষয় (উচ্চতর)
"Technology, AI & data ethics","Технологии, ИИ и этика данных","Technologia, AI i etyka danych","প্রযুক্তি, এআই ও ডেটা নৈতিকতা"
Science & research methodology,Наука и методология исследований,Nauka i metodologia badań,বিজ্ঞান ও গবেষণা পদ্ধতি
Medicine & health policy,Медицина и политика здравоохранения,Medycyna i polityka zdrowotna,চিকিৎসা ও স্বাস্থ্যনীতি
"Media, discourse & public opinion","СМИ, дискурс и общественное мнение","Media, dyskurs i opinia publiczna","গণমাধ্যম, ডিসকোর্স ও জনমত"
"Politics, state & international affairs","Политика, государство и международные отношения","Polityka, państwo i sprawy międzynarodowe","রাজনীতি, রাষ্ট্র ও আন্তর্জাতিক বিষয়"
"Society, ethics & philosophy","Общество, этика и философия","Społeczeństwo, etyka i filozofia","সমাজ, নৈতিকতা ও দর্শন"
"Environment, climate & sustainability","Окружающая среда, климат и устойчивое развитие","Środowisko, klimat i zrównoważony rozwój","পরিবেশ, জলবায়ু ও টেকসই উন্নয়ন"
"Education, academia & careers","Образование, наука и карьера","Edukacja, środowisko akademickie i kariera","শিক্ষা, একাডেমিয়া ও ক্যারিয়ার"
Psychology & human behaviour,Психология и поведение человека,Psychologia i zachowanie człowieka,মনোবিজ্ঞান ও মানব আচরণ
"Culture, literature & criticism","Культура, литература и критика","Kultura, literatura i krytyka","সংস্কৃতি, সাহিত্য ও সমালোচনা"
History & political thought,История и политическая мысль,Historia i myśl polityczna,ইতিহাস ও রাজনৈতিক চিন্তা
Everyday C1 precision,Точность в повседневной речи C1,Precyzja na co dzień na poziomie C1,C1 স্তরে দৈনন্দিন সূক্ষ্মতা
Exam strategy & summarising,Стратегия экзамена и пересказ,Strategia egzaminacyjna i streszczanie,পরীক্ষার কৌশল ও সারাংশ লেখা
Connotation & semantic nuance,Коннотация и смысловые оттенки,Konotacja i niuanse znaczeniowe,ব্যঞ্জনা ও অর্থের সূক্ষ্মতা
Near-synonyms distinguished,Различение близких синонимов,Rozróżnianie bliskoznaczników,কাছাকাছি সমার্থক শব্দের পার্থক্য
Stylistic registers & Stilbruch,Стилистические регистры и Stilbruch,Rejestry stylistyczne i Stilbruch,শৈলীর রেজিস্টার ও Stilbruch
Idiomatic depth,Идиоматическая глубина,Idiomatyczna głębia,বাগধারার গভীরতা
Proverbs & Sprichwörter,Пословицы и Sprichwörter,Przysłowia i Sprichwörter,প্রবাদ ও Sprichwörter
"Humour, irony & understatement","Юмор, ирония и преуменьшение","Humor, ironia i niedopowiedzenie","রসিকতা, বিদ্রূপ ও কম করে বলা"
Rhetoric & oratory,Риторика и ораторское искусство,Retoryka i sztuka przemawiania,বাগ্মিতা ও বক্তৃতাকলা
Literary language & Textanalyse,Литературный язык и Textanalyse,Język literacki i Textanalyse,সাহিত্যের ভাষা ও Textanalyse
Journalistic genres & style,Журналистские жанры и стиль,Gatunki i styl dziennikarski,সাংবাদিকতার ধরন ও শৈলী
Academic & scientific prose,Академическая и научная проза,Proza akademicka i naukowa,একাডেমিক ও বৈজ্ঞানিক গদ্য
Legal & bureaucratic German,Юридический и канцелярский немецкий,Niemiecki prawniczy i urzędowy,আইনি ও দাপ্তরিক জার্মান
Verb valency & Rektion,Валентность глагола и Rektion,Walencja czasownika i Rektion,ক্রিয়ার ভ্যালেন্সি ও Rektion
Prepositional nuance,Оттенки предлогов,Niuanse przyimków,পদান্বয়ী অব্যয়ের সূক্ষ্মতা
Modal particles & Abtönung,Модальные частицы и Abtönung,Partykuły modalne i Abtönung,মোডাল পার্টিকেল ও Abtönung
Word order & emphasis,Порядок слов и акцент,Szyk wyrazów i emfaza,শব্দক্রম ও জোর
Archaic & literary forms,Архаичные и книжные формы,Formy archaiczne i literackie,প্রাচীন ও সাহিত্যিক রূপ
Neologisms & Zeitgeist words,Неологизмы и слова Zeitgeist,Neologizmy i słowa Zeitgeist,নতুন শব্দ ও Zeitgeist-শব্দ
Anglicisms & false friends,Англицизмы и ложные друзья,Anglicyzmy i fałszywi przyjaciele,ইংরেজি থেকে আসা শব্দ ও বিভ্রান্তিকর মিল
Regional variation: AT & CH,Региональные варианты: AT и CH,Odmiany regionalne: AT i CH,আঞ্চলিক ভিন্নতা: AT ও CH
Regional variation: Germany,Региональные варианты: Германия,Odmiany regionalne: Niemcy,আঞ্চলিক ভিন্নতা: জার্মানি
Colloquial & Umgangssprache,Разговорная речь и Umgangssprache,Mowa potoczna i Umgangssprache,কথ্য ভাষা ও Umgangssprache
Youth language & social media,Молодёжный язык и соцсети,Język młodzieżowy i media społecznościowe,তরুণদের ভাষা ও সোশ্যাল মিডিয়া
"Sound, prosody & Aussprache","Звуки, просодия и Aussprache","Dźwięki, prozodia i Aussprache","ধ্বনি, স্বরভঙ্গি ও Aussprache"
Collocations at C2,Коллокации уровня C2,Kolokacje na poziomie C2,C2 স্তরে কোলোকেশন
Philosophy & Geistesgeschichte,Философия и Geistesgeschichte,Filozofia i Geistesgeschichte,দর্শন ও Geistesgeschichte
Economics & policy discourse,Экономика и политический дискурс,Ekonomia i dyskurs polityczny,অর্থনীতি ও নীতিগত আলোচনা
Science communication,Научная коммуникация,Komunikacja naukowa,বিজ্ঞান যোগাযোগ
Translation traps (EN/BN → DE),Ловушки перевода (EN/BN → DE),Pułapki tłumaczeniowe (EN/BN → DE),অনুবাদের ফাঁদ (EN/BN → DE)
Text production: Erörterung & Essay,Письменная речь: Erörterung и эссе,Tworzenie tekstu: Erörterung i esej,লেখা তৈরি: Erörterung ও প্রবন্ধ
Exam strategy: Goethe C2 (GDS),Стратегия экзамена: Goethe C2 (GDS),Strategia egzaminacyjna: Goethe C2 (GDS),পরীক্ষার কৌশল: Goethe C2 (GDS)
