match_type,match,tip_en,tip_bn,tags
german,bekommen,"""bekommen"" means to receive, not to become. ""Ich bekomme ein Buch"" = I get a book. To become is ""werden"".","""bekommen"" মানে পাওয়া, হওয়া নয়। হওয়া বোঝাতে ""werden"" ব্যবহার করুন।",false-friend
german,also,"""also"" means so / therefore. The English ""also"" is ""auch"".","""also"" মানে তাই বা সুতরাং। ইংরেজি ""also"" এর জন্য ""auch"" বলুন।",false-friend
german,Gift,"""Gift"" is poison. A present is ""das Geschenk"".","""Gift"" মানে বিষ। উপহার বোঝাতে ""das Geschenk"" বলুন।",false-friend
german,Chef,"""Chef"" is a boss. A cook is ""der Koch"".","""Chef"" মানে বস। রাঁধুনি হলো ""der Koch""।",false-friend
german,Handy,"""Handy"" is a mobile phone — a German word that only looks English.","""Handy"" মানে মোবাইল ফোন। ইংরেজি শব্দ মনে হলেও অর্থ আলাদা।",false-friend
german,sensibel,"""sensibel"" means sensitive. Sensible is ""vernünftig"".","""sensibel"" মানে সংবেদনশীল। বিচক্ষণ হলো ""vernünftig""।",false-friend
german,bald,"""bald"" means soon. Having no hair is ""kahl"" or ""glatzköpfig"".","""bald"" মানে শীঘ্রই। টাক হলো ""kahl""।",false-friend
german,Art,"""Art"" means kind or type. The subject is ""die Kunst"".","""Art"" মানে ধরন। শিল্প হলো ""die Kunst""।",false-friend
german,See,"""der See"" is a lake; ""die See"" is the sea. The article changes the meaning.","""der See"" মানে হ্রদ, ""die See"" মানে সমুদ্র — article বদলালে অর্থ বদলায়।",article;false-friend
pattern,^seit\b,"""seit"" takes the dative and the present tense: ""seit zwei Jahren wohne ich hier"" — Bangla and English both want a past tense here.","""seit"" এর পরে dative এবং বর্তমান কাল বসে। বাংলায় অতীত কাল মনে হলেও জার্মানে বর্তমান।",case;tense
pattern,^mit\b,"""mit"" always takes the dative, even when the sense feels like movement.","""mit"" সবসময় dative নেয়।",case
pattern,^(nach|zu|von|aus|bei)$,These prepositions always take the dative — there is no accusative version to choose between.,এই preposition গুলো সবসময় dative নেয়।,case
pattern,^(durch|für|ohne|gegen|um)$,These prepositions always take the accusative.,এই preposition গুলো সবসময় accusative নেয়।,case
pattern,^übersetzen\b,"Stress decides whether this verb separates: ""ÜBERsetzen"" is to ferry across, ""überSETzen"" is to translate.",জোর কোথায় পড়ছে তার উপর নির্ভর করে ক্রিয়াটি separable কি না বদলায়।,separable
pattern,^überholen\b,"Stress decides whether this verb separates: ""überHOlen"" is to overtake (""Er überholt den Lkw""), ""ÜBERholen"" is to ferry across (""Der Fährmann holt uns über"").","জোর কোথায় পড়ছে তার উপর নির্ভর করে ক্রিয়াটি separable কি না বদলায়: ""überHOlen"" মানে অন্য গাড়িকে পেরিয়ে যাওয়া, ""ÜBERholen"" মানে নৌকায় ওপারে পার করা।",separable
pattern,^umgehen\b,"Stress decides whether this verb separates: ""UMgehen"" is to handle or deal with (""Er geht gut mit Kindern um""), ""umGEhen"" is to get around a rule or an obstacle (""Sie umgeht das Problem"").","জোর কোথায় পড়ছে তার উপর নির্ভর করে ক্রিয়াটি separable কি না বদলায়: ""UMgehen"" মানে সামলানো, ""umGEhen"" মানে এড়িয়ে যাওয়া।",separable
pattern,^umfahren\b,"Stress decides whether this verb separates: ""UMfahren"" is to knock down with a vehicle (""Er fährt das Schild um""), ""umFAHren"" is to drive around (""Wir umfahren die Stadt"").","জোর কোথায় পড়ছে তার উপর নির্ভর করে ক্রিয়াটি separable কি না বদলায়: ""UMfahren"" মানে গাড়ি দিয়ে ধাক্কা মেরে ফেলে দেওয়া, ""umFAHren"" মানে ঘুরে পাশ কাটিয়ে যাওয়া।",separable
pattern,^unterstellen\b,"Stress decides whether this verb separates: ""UNTERstellen"" is to store something or take shelter (""Wir stellen uns unter""), ""unterSTELlen"" is to insinuate (""Er unterstellt mir böse Absichten"").","জোর কোথায় পড়ছে তার উপর নির্ভর করে ক্রিয়াটি separable কি না বদলায়: ""UNTERstellen"" মানে কিছু রেখে দেওয়া বা আশ্রয় নেওয়া, ""unterSTELlen"" মানে কারও ওপর কিছু আরোপ করা।",separable
pattern,^unterschlagen\b,"Stress decides whether this verb separates: ""UNTERschlagen"" is to cross your legs (""Sie schlägt die Beine unter""), ""unterSCHLAgen"" is to embezzle or to withhold (""Er unterschlägt Geld"").","জোর কোথায় পড়ছে তার উপর নির্ভর করে ক্রিয়াটি separable কি না বদলায়: ""UNTERschlagen"" মানে পা ভাঁজ করে বসা, ""unterSCHLAgen"" মানে টাকা আত্মসাৎ করা বা তথ্য চেপে যাওয়া।",separable
pattern,^durchbrechen\b,"Stress decides whether this verb separates: ""DURCHbrechen"" is to break in two (""Der Ast bricht durch""), ""durchBREchen"" is to break through (""Sie durchbrechen die Absperrung"").","জোর কোথায় পড়ছে তার উপর নির্ভর করে ক্রিয়াটি separable কি না বদলায়: ""DURCHbrechen"" মানে ভেঙে দুই টুকরো হওয়া, ""durchBREchen"" মানে ভেদ করে এগিয়ে যাওয়া।",separable
pattern,"^(?!(?:Kuchen|Knochen|Zeichen|Drachen|Rachen)$)\w{3,}chen$","Every ""-chen"" noun is ""das"", whatever the gender of the word it came from — ""das Mädchen"" even though a girl is female.","""-chen"" দিয়ে শেষ হলে noun সবসময় ""das"" — যেমন ""das Mädchen""।",gender
pattern,"^(?!\w*(?:sprung|schwung)$|Dung$)\w{2,}ung$","Every ""-ung"" noun is ""die"".","""-ung"" দিয়ে শেষ হলে noun সবসময় ""die""।",gender
pattern,"^(?!.* (der|des|eines|einer) ).*(heit|keit|schaft)$","Nouns ending in ""-heit"", ""-keit"" or ""-schaft"" are always ""die"".","""-heit"", ""-keit"", ""-schaft"" দিয়ে শেষ হলে noun সবসময় ""die""।",gender
